step,continuous_running,static_running
0,32,32
1,32,32
2,32,32
3,32,32
4,32,32
5,32,32
6,32,32
7,32,32
8,32,32
9,32,32
10,32,32
11,32,32
12,32,32
13,32,32
14,32,32
15,32,32
16,32,32
17,32,32
18,32,32
19,32,32
20,32,32
21,32,32
22,32,32
23,32,32
24,32,32
25,32,32
26,32,32
27,32,32
28,32,32
29,32,32
30,32,32
31,32,32
32,32,31
33,32,31
34,32,31
35,32,31
36,32,31
37,32,31
38,32,31
39,32,31
40,32,31
41,32,31
42,32,31
43,32,31
44,32,30
45,32,30
46,32,29
47,32,29
48,32,29
49,32,28
50,32,27
51,32,27
52,32,26
53,32,26
54,32,26
55,32,26
56,32,26
57,32,25
58,32,24
59,32,24
60,32,24
61,32,24
62,32,24
63,32,24
64,32,24
65,32,24
66,32,24
67,32,24
68,32,24
69,32,22
70,32,22
71,32,22
72,32,22
73,32,22
74,32,22
75,32,22
76,32,22
77,32,21
78,32,21
79,32,20
80,32,20
81,32,20
82,32,20
83,32,20
84,32,20
85,32,20
86,32,20
87,32,19
88,32,19
89,32,19
90,32,19
91,32,18
92,32,18
93,32,17
94,32,17
95,32,17
96,32,17
97,32,17
98,32,17
99,32,17
100,32,17
101,32,16
102,32,15
103,32,15
104,32,14
105,32,14
106,32,13
107,32,13
108,32,13
109,32,13
110,32,13
111,32,13
112,32,13
113,32,13
114,32,12
115,32,11
116,32,11
117,32,11
118,32,10
119,32,10
120,32,10
121,32,9
122,32,8
123,32,6
124,32,5
125,32,5
126,32,5
127,32,4
128,32,4
129,32,4
130,32,4
131,32,4
132,32,4
133,32,4
134,32,4
135,32,4
136,32,4
137,32,4
138,32,4
139,32,4
140,32,4
141,32,4
142,32,4
143,32,4
144,32,4
145,32,4
146,32,4
147,32,4
148,32,4
149,32,4
150,32,4
151,32,4
152,32,4
153,32,4
154,32,4
155,32,4
156,32,4
157,32,4
158,32,4
159,32,4
160,32,4
161,32,4
162,32,4
163,32,4
164,32,4
165,32,4
166,32,4
167,32,4
168,32,4
169,32,4
170,32,4
171,32,4
172,32,4
173,32,4
174,32,4
175,32,4
176,32,4
177,32,4
178,32,4
179,32,4
180,32,4
181,32,4
182,32,4
183,32,4
184,32,4
185,32,4
186,32,4
187,32,4
188,32,4
189,32,4
190,32,4
191,32,4
192,32,4
193,32,4
194,32,4
195,32,4
196,32,4
197,32,4
198,32,4
199,32,4
200,32,4
201,32,4
202,32,4
203,32,4
204,32,4
205,32,4
206,32,4
207,32,4
208,32,4
209,32,4
210,32,4
211,32,4
212,32,4
213,32,4
214,32,4
215,32,4
216,32,4
217,32,4
218,32,4
219,32,4
220,32,4
221,32,4
222,32,4
223,32,4
224,32,4
225,32,4
226,32,4
227,32,4
228,32,4
229,32,4
230,32,4
231,32,4
232,32,4
233,32,4
234,32,4
235,32,4
236,32,4
237,32,4
238,32,4
239,32,4
240,32,4
241,32,4
242,32,4
243,32,4
244,32,4
245,32,4
246,32,4
247,32,4
248,32,4
249,32,4
250,32,4
251,32,4
252,32,4
253,32,4
254,32,4
255,32,4
256,32,4
257,32,4
258,32,3
259,32,3
260,32,3
261,32,3
262,32,3
263,32,3
264,32,3
265,32,3
266,32,3
267,32,3
268,32,3
269,32,3
270,32,3
271,32,3
272,32,3
273,32,3
274,32,3
275,32,3
276,32,3
277,32,2
278,32,2
279,32,2
280,32,2
281,32,2
282,32,2
283,32,2
284,32,2
285,32,2
286,32,2
287,32,2
288,32,2
289,32,2
290,32,2
291,32,2
292,32,2
293,32,2
294,32,2
295,32,2
296,32,2
297,32,2
298,32,2
299,32,2
300,32,2
301,32,2
302,32,2
303,32,2
304,32,2
305,32,2
306,32,2
307,32,2
308,32,2
309,32,2
310,32,2
311,32,2
312,32,2
313,32,2
314,32,2
315,32,2
316,32,2
317,32,2
318,32,2
319,32,2
320,32,2
321,32,2
322,32,2
323,32,2
324,32,2
325,32,2
326,32,2
327,32,2
328,32,2
329,32,2
330,32,2
331,32,2
332,32,2
333,32,2
334,32,2
335,32,2
336,32,2
337,32,2
338,32,2
339,32,2
340,32,2
341,32,2
342,32,2
343,32,2
344,32,2
345,32,2
346,32,2
347,32,2
348,32,2
349,32,2
350,32,2
351,32,2
352,32,2
353,32,2
354,32,2
355,32,2
356,32,2
357,32,2
358,32,2
359,32,2
360,32,2
361,32,2
362,32,2
363,32,2
364,32,2
365,32,2
366,32,2
367,32,2
368,32,2
369,32,2
370,32,2
371,32,2
372,32,1
373,32,1
374,32,1
375,32,1
376,32,1
377,32,1
378,32,32
379,32,32
380,32,32
381,32,32
382,32,32
383,32,32
384,32,32
385,32,32
386,32,32
387,32,32
388,32,32
389,32,32
390,32,32
391,32,32
392,32,32
393,32,32
394,32,32
395,32,32
396,32,32
397,32,32
398,32,32
399,32,32
400,32,32
401,32,32
402,32,32
403,32,32
404,32,32
405,32,32
406,32,32
407,32,32
408,32,32
409,32,32
410,32,32
411,32,31
412,32,31
413,32,31
414,32,31
415,32,31
416,32,29
417,32,28
418,32,27
419,32,27
420,32,27
421,32,27
422,32,27
423,32,27
424,32,27
425,32,27
426,32,27
427,32,27
428,32,26
429,32,24
430,32,24
431,32,24
432,32,24
433,32,22
434,32,22
435,32,22
436,32,22
437,32,21
438,32,21
439,32,21
440,32,18
441,32,17
442,32,17
443,32,17
444,32,16
445,32,14
446,32,13
447,32,13
448,32,13
449,32,13
450,32,13
451,32,13
452,32,13
453,32,13
454,32,13
455,32,13
456,32,13
457,32,13
458,32,13
459,32,13
460,32,11
461,32,11
462,32,10
463,32,10
464,32,10
465,32,10
466,32,10
467,32,10
468,32,10
469,32,9
470,32,9
471,32,9
472,32,9
473,32,9
474,32,9
475,32,9
476,32,9
477,32,9
478,32,9
479,32,9
480,32,9
481,32,9
482,32,8
483,32,7
484,32,6
485,32,6
486,32,6
487,32,6
488,32,5
489,32,4
490,32,4
491,32,4
492,32,4
493,32,4
494,32,4
495,32,4
496,32,4
497,32,4
498,32,4
499,32,3
500,32,3
501,32,3
502,32,3
503,32,3
504,32,3
505,32,3
506,32,3
507,32,3
508,32,3
509,32,3
510,32,3
511,32,3
512,32,3
513,32,3
514,32,3
515,32,3
516,32,3
517,32,3
518,32,3
519,32,3
520,32,3
521,32,3
522,32,3
523,32,3
524,32,3
525,32,3
526,32,3
527,32,3
528,32,3
529,32,3
530,32,3
531,32,3
532,32,3
533,32,3
534,32,3
535,32,3
536,32,3
537,32,3
538,32,3
539,32,3
540,32,3
541,32,3
542,32,3
543,32,3
544,32,3
545,32,3
546,32,3
547,32,3
548,32,3
549,32,3
550,32,3
551,32,3
552,32,3
553,32,3
554,32,3
555,32,3
556,32,3
557,32,3
558,32,3
559,32,3
560,32,3
561,32,3
562,32,3
563,32,3
564,32,3
565,32,3
566,32,3
567,32,3
568,32,3
569,32,3
570,32,3
571,32,3
572,32,3
573,32,3
574,32,3
575,32,3
576,32,3
577,32,3
578,32,3
579,32,3
580,32,3
581,32,3
582,32,3
583,32,3
584,32,3
585,32,3
586,32,3
587,32,3
588,32,3
589,32,3
590,32,3
591,32,3
592,32,3
593,32,3
594,32,3
595,32,3
596,32,3
597,32,3
598,32,3
599,32,3
600,32,3
601,32,3
602,32,3
603,32,3
604,32,3
605,32,3
606,32,3
607,32,3
608,32,3
609,32,3
610,32,3
611,32,3
612,32,3
613,32,3
614,32,3
615,32,3
616,32,3
617,32,3
618,32,3
619,32,3
620,32,3
621,32,3
622,32,3
623,32,3
624,32,3
625,32,3
626,32,3
627,32,3
628,32,3
629,32,3
630,32,3
631,32,3
632,32,3
633,32,3
634,32,3
635,32,3
636,32,3
637,32,3
638,32,3
639,32,3
640,32,3
641,32,3
642,32,3
643,32,3
644,32,3
645,32,3
646,32,3
647,32,3
648,32,3
649,32,3
650,32,3
651,32,3
652,32,3
653,32,3
654,32,3
655,32,3
656,32,3
657,32,3
658,32,3
659,32,3
660,32,3
661,32,3
662,32,3
663,32,3
664,32,3
665,32,3
666,32,3
667,32,3
668,32,3
669,32,3
670,32,3
671,32,3
672,32,3
673,32,3
674,32,3
675,32,3
676,32,3
677,32,3
678,32,3
679,32,3
680,32,2
681,32,2
682,32,2
683,32,1
684,32,1
685,32,1
686,32,1
687,32,1
688,32,1
689,32,1
690,32,1
691,32,32
692,32,32
693,32,32
694,32,32
695,32,32
696,32,32
697,32,32
698,32,32
699,32,32
700,32,32
701,32,32
702,32,32
703,32,32
704,32,32
705,32,32
706,32,32
707,32,32
708,32,32
709,32,32
710,32,32
711,32,32
712,32,32
713,32,32
714,32,32
715,32,32
716,32,32
717,32,32
718,32,32
719,32,32
720,32,32
721,32,32
722,32,32
723,32,32
724,32,32
725,32,32
726,32,31
727,32,31
728,32,31
729,32,31
730,32,30
731,32,30
732,32,30
733,32,30
734,32,30
735,32,30
736,32,30
737,32,30
738,32,30
739,32,30
740,32,30
741,32,30
742,32,30
743,32,30
744,32,30
745,32,29
746,32,29
747,32,29
748,32,29
749,32,27
750,32,27
751,32,25
752,32,25
753,32,25
754,32,25
755,32,25
756,32,25
757,32,25
758,32,25
759,32,24
760,32,23
761,32,23
762,32,23
763,32,22
764,32,21
765,32,21
766,32,21
767,32,21
768,32,21
769,32,20
770,32,20
771,32,20
772,32,20
773,32,20
774,32,20
775,32,20
776,32,19
777,32,19
778,32,19
779,32,17
780,32,17
781,32,17
782,32,17
783,32,17
784,32,17
785,32,16
786,32,16
787,32,16
788,32,16
789,32,16
790,32,16
791,32,15
792,32,12
793,32,12
794,32,12
795,32,11
796,32,11
797,32,11
798,32,11
799,32,11
800,32,10
801,32,9
802,32,9
803,32,8
804,32,7
805,32,7
806,32,6
807,32,5
808,32,5
809,32,4
810,32,4
811,32,4
812,32,4
813,32,4
814,32,4
815,32,4
816,32,3
817,32,2
818,32,2
819,32,2
820,32,2
821,32,2
822,32,2
823,32,2
824,32,2
825,32,2
826,32,2
827,32,2
828,32,2
829,32,2
830,32,2
831,32,2
832,32,2
833,32,2
834,32,2
835,32,2
836,32,2
837,32,2
838,32,2
839,32,2
840,32,2
841,32,2
842,32,2
843,31,2
844,31,2
845,31,2
846,31,2
847,31,2
848,31,2
849,31,2
850,31,2
851,31,2
852,31,2
853,30,2
854,30,2
855,29,2
856,29,2
857,29,2
858,29,2
859,29,2
860,28,2
861,28,2
862,27,2
863,27,2
864,27,2
865,26,2
866,25,2
867,25,2
868,25,2
869,25,2
870,25,2
871,25,2
872,25,2
873,25,2
874,25,2
875,25,2
876,24,2
877,24,2
878,24,2
879,24,2
880,24,2
881,24,2
882,23,2
883,22,2
884,22,2
885,22,2
886,21,2
887,21,2
888,21,2
889,20,2
890,19,2
891,18,2
892,18,2
893,18,2
894,18,2
895,18,2
896,18,2
897,18,2
898,17,2
899,17,2
900,17,2
901,17,2
902,17,2
903,17,2
904,17,2
905,17,2
906,17,2
907,17,2
908,17,2
909,17,2
910,17,2
911,17,2
912,17,2
913,17,2
914,17,2
915,17,2
916,17,2
917,17,2
918,17,2
919,17,2
920,17,2
921,17,2
922,17,2
923,17,2
924,17,2
925,17,2
926,17,2
927,17,2
928,16,2
929,16,2
930,16,2
931,16,2
932,16,2
933,16,2
934,16,2
935,16,2
936,16,2
937,16,2
938,16,2
939,16,2
940,16,2
941,16,2
942,16,2
943,16,2
944,16,2
945,16,2
946,16,2
947,15,2
948,15,2
949,15,2
950,14,2
951,14,2
952,14,2
953,14,2
954,13,2
955,13,2
956,13,2
957,13,2
958,13,2
959,12,2
960,12,2
961,12,2
962,11,2
963,11,2
964,11,2
965,11,2
966,11,2
967,11,2
968,11,2
969,11,2
970,11,2
971,11,2
972,11,2
973,11,2
974,11,2
975,11,2
976,11,2
977,11,2
978,11,1
979,11,1
980,11,1
981,11,1
982,11,1
983,11,1
984,11,1
985,11,1
986,11,1
987,11,1
988,11,1
989,11,1
990,11,1
991,11,1
992,11,1
993,11,1
994,11,1
995,11,1
996,11,1
997,11,1
998,11,1
999,11,1
1000,10,1
1001,10,1
1002,10,1
1003,10,1
1004,10,1
1005,10,1
1006,10,1
1007,10,1
1008,10,1
1009,10,1
1010,10,1
1011,10,1
1012,10,1
1013,10,1
1014,10,1
1015,10,1
1016,10,1
1017,10,32
1018,10,32
1019,10,32
1020,10,32
1021,10,32
1022,10,32
1023,10,32
1024,10,32
1025,10,32
1026,10,32
1027,10,32
1028,10,32
1029,10,32
1030,10,32
1031,10,32
1032,10,32
1033,10,32
1034,10,32
1035,10,32
1036,10,32
1037,10,32
1038,10,32
1039,10,32
1040,10,32
1041,10,32
1042,10,32
1043,10,32
1044,10,32
1045,10,32
1046,10,32
1047,10,32
1048,10,32
1049,10,32
1050,10,32
1051,10,32
1052,9,32
1053,9,32
1054,9,32
1055,9,31
1056,9,31
1057,9,31
1058,9,30
1059,9,30
1060,9,30
1061,9,28
1062,9,28
1063,9,28
1064,9,28
1065,9,28
1066,9,28
1067,8,28
1068,8,27
1069,8,25
1070,8,25
1071,8,25
1072,8,24
1073,8,24
1074,8,24
1075,8,23
1076,8,22
1077,8,22
1078,8,21
1079,8,21
1080,8,21
1081,8,21
1082,8,21
1083,8,21
1084,8,21
1085,7,20
1086,7,19
1087,7,19
1088,7,18
1089,7,18
1090,7,18
1091,7,17
1092,7,17
1093,7,17
1094,7,17
1095,7,17
1096,7,17
1097,7,15
1098,7,14
1099,7,14
1100,7,14
1101,7,13
1102,7,13
1103,7,13
1104,7,13
1105,7,13
1106,7,13
1107,7,13
1108,7,13
1109,7,13
1110,7,13
1111,7,13
1112,7,11
1113,7,11
1114,7,11
1115,7,11
1116,7,11
1117,7,11
1118,7,11
1119,7,11
1120,7,9
1121,7,9
1122,7,8
1123,7,8
1124,7,8
1125,7,7
1126,7,7
1127,7,7
1128,7,7
1129,7,7
1130,7,7
1131,7,7
1132,7,7
1133,7,6
1134,7,6
1135,7,5
1136,7,5
1137,7,5
1138,7,5
1139,7,5
1140,7,4
1141,7,4
1142,7,4
1143,7,4
1144,7,4
1145,7,3
1146,7,3
1147,7,3
1148,7,3
1149,7,3
1150,7,3
1151,7,3
1152,7,3
1153,7,3
1154,7,3
1155,7,3
1156,7,3
1157,7,3
1158,7,3
1159,7,3
1160,7,3
1161,7,3
1162,7,3
1163,7,3
1164,7,3
1165,7,3
1166,6,3
1167,6,3
1168,5,3
1169,5,3
1170,5,3
1171,5,3
1172,5,3
1173,5,3
1174,5,3
1175,5,3
1176,5,3
1177,5,3
1178,5,3
1179,5,3
1180,5,3
1181,5,3
1182,5,3
1183,5,3
1184,5,3
1185,5,3
1186,5,3
1187,5,3
1188,5,3
1189,5,3
1190,5,3
1191,5,3
1192,5,3
1193,5,3
1194,5,3
1195,5,3
1196,5,3
1197,5,3
1198,5,3
1199,5,3
1200,5,3
1201,5,3
1202,5,3
1203,5,3
1204,5,3
1205,5,3
1206,5,3
1207,5,3
1208,5,3
1209,5,3
1210,5,3
1211,5,3
1212,5,3
1213,5,3
1214,5,3
1215,5,3
1216,5,3
1217,5,3
1218,5,3
1219,5,3
1220,5,3
1221,5,3
1222,5,3
1223,5,3
1224,5,3
1225,5,3
1226,5,3
1227,4,3
1228,4,3
1229,4,3
1230,4,3
1231,4,3
1232,4,3
1233,4,3
1234,4,3
1235,4,3
1236,4,3
1237,4,3
1238,4,3
1239,4,3
1240,3,3
1241,3,3
1242,3,3
1243,3,3
1244,3,3
1245,3,3
1246,3,3
1247,3,3
1248,3,3
1249,3,3
1250,3,3
1251,3,3
1252,3,3
1253,3,3
1254,2,3
1255,2,3
1256,2,3
1257,2,3
1258,2,3
1259,2,3
1260,2,3
1261,2,3
1262,2,3
1263,2,3
1264,2,3
1265,2,3
1266,2,3
1267,2,3
1268,2,3
1269,2,3
1270,2,3
1271,2,3
1272,2,3
1273,2,3
1274,2,3
1275,2,3
1276,2,3
1277,2,3
1278,2,2
1279,2,2
1280,2,2
1281,2,2
1282,2,2
1283,2,2
1284,1,2
1285,1,2
1286,1,2
1287,1,2
1288,1,2
1289,1,2
1290,1,2
1291,1,2
1292,1,2
1293,1,2
1294,1,2
1295,0,2
1296,0,2
1297,0,2
1298,0,2
1299,0,2
1300,0,2
1301,0,2
1302,0,2
1303,0,2
1304,0,2
1305,0,2
1306,0,2
1307,0,2
1308,0,2
1309,0,2
1310,0,2
1311,0,2
1312,0,2
1313,0,2
1314,0,2
1315,0,2
1316,0,2
1317,0,2
1318,0,2
1319,0,2
1320,0,2
1321,0,2
1322,0,2
1323,0,2
1324,0,2
1325,0,2
1326,0,2
1327,0,2
1328,0,2
1329,0,2
1330,0,2
1331,0,2
1332,0,2
1333,0,2
1334,0,2
1335,0,2
1336,0,2
1337,0,2
1338,0,2
1339,0,2
1340,0,2
1341,0,2
1342,0,2
1343,0,2
1344,0,1
1345,0,1
1346,0,1
1347,0,1
1348,0,1
1349,0,1
1350,0,1
1351,0,1
1352,0,1
1353,0,1
1354,0,1
1355,0,1
1356,0,1
1357,0,1
1358,0,1
1359,0,1
1360,0,1
1361,0,1
1362,0,1
1363,0,1
1364,0,1
1365,0,1
1366,0,1
1367,0,1
1368,0,1
1369,0,1
1370,0,1
1371,0,1
1372,0,1
1373,0,1
1374,0,1
1375,0,1
1376,0,1
1377,0,1
1378,0,1
1379,0,1
1380,0,1
1381,0,1
1382,0,1
1383,0,1
1384,0,1
1385,0,1
1386,0,1
1387,0,1
1388,0,1
1389,0,1
1390,0,1
1391,0,1
1392,0,1
1393,0,1
1394,0,1
1395,0,1
1396,0,1
1397,0,1
1398,0,1
1399,0,1
1400,0,1
1401,0,1
1402,0,1
1403,0,1
1404,0,1
1405,0,1
1406,0,1
1407,0,1
1408,0,1
1409,0,1
1410,0,1
1411,0,1
1412,0,1
1413,0,1
1414,0,1
1415,0,1
1416,0,1
1417,0,1
1418,0,1
1419,0,1
1420,0,1
1421,0,1
1422,0,1
1423,0,1
1424,0,1
1425,0,1
1426,0,1
1427,0,1
1428,0,1
1429,0,1
1430,0,1
1431,0,1
1432,0,1
1433,0,1
1434,0,1
1435,0,1
1436,0,1
1437,0,1
1438,0,1
1439,0,1
1440,0,1
1441,0,1
1442,0,1
1443,0,1
1444,0,1
1445,0,1
1446,0,1
1447,0,1
1448,0,1
1449,0,1
1450,0,1
1451,0,1
1452,0,1
1453,0,1
1454,0,1
1455,0,1
1456,0,1
1457,0,1
1458,0,1
1459,0,1
1460,0,1
1461,0,1
1462,0,1
1463,0,1
1464,0,1
1465,0,1
1466,0,1
1467,0,1
1468,0,1
1469,0,1
1470,0,1
1471,0,1
1472,0,1
1473,0,1
1474,0,32
1475,0,32
1476,0,32
1477,0,32
1478,0,32
1479,0,32
1480,0,32
1481,0,32
1482,0,32
1483,0,32
1484,0,32
1485,0,32
1486,0,32
1487,0,32
1488,0,32
1489,0,32
1490,0,32
1491,0,32
1492,0,32
1493,0,32
1494,0,32
1495,0,32
1496,0,32
1497,0,32
1498,0,32
1499,0,32
1500,0,32
1501,0,32
1502,0,32
1503,0,32
1504,0,32
1505,0,32
1506,0,32
1507,0,32
1508,0,32
1509,0,32
1510,0,32
1511,0,32
1512,0,30
1513,0,30
1514,0,29
1515,0,29
1516,0,29
1517,0,29
1518,0,29
1519,0,28
1520,0,28
1521,0,28
1522,0,28
1523,0,28
1524,0,28
1525,0,28
1526,0,28
1527,0,28
1528,0,28
1529,0,28
1530,0,28
1531,0,28
1532,0,28
1533,0,28
1534,0,27
1535,0,27
1536,0,27
1537,0,27
1538,0,26
1539,0,23
1540,0,23
1541,0,22
1542,0,22
1543,0,22
1544,0,21
1545,0,21
1546,0,21
1547,0,20
1548,0,20
1549,0,18
1550,0,18
1551,0,18
1552,0,18
1553,0,18
1554,0,17
1555,0,17
1556,0,17
1557,0,17
1558,0,16
1559,0,16
1560,0,16
1561,0,16
1562,0,15
1563,0,15
1564,0,15
1565,0,15
1566,0,14
1567,0,13
1568,0,13
1569,0,13
1570,0,13
1571,0,13
1572,0,13
1573,0,11
1574,0,11
1575,0,11
1576,0,11
1577,0,11
1578,0,11
1579,0,11
1580,0,11
1581,0,11
1582,0,11
1583,0,11
1584,0,11
1585,0,11
1586,0,11
1587,0,10
1588,0,10
1589,0,10
1590,0,10
1591,0,10
1592,0,10
1593,0,10
1594,0,10
1595,0,10
1596,0,9
1597,0,9
1598,0,7
1599,0,7
1600,0,7
1601,0,6
1602,0,6
1603,0,6
1604,0,6
1605,0,6
1606,0,6
1607,0,6
1608,0,6
1609,0,6
1610,0,6
1611,0,6
1612,0,6
1613,0,6
1614,0,6
1615,0,6
1616,0,6
1617,0,6
1618,0,6
1619,0,6
1620,0,6
1621,0,6
1622,0,6
1623,0,6
1624,0,6
1625,0,6
1626,0,6
1627,0,6
1628,0,6
1629,0,6
1630,0,6
1631,0,6
1632,0,6
1633,0,6
1634,0,6
1635,0,6
1636,0,6
1637,0,6
1638,0,6
1639,0,6
1640,0,6
1641,0,6
1642,0,6
1643,0,6
1644,0,6
1645,0,6
1646,0,6
1647,0,6
1648,0,6
1649,0,6
1650,0,6
1651,0,6
1652,0,6
1653,0,6
1654,0,6
1655,0,6
1656,0,6
1657,0,6
1658,0,6
1659,0,6
1660,0,6
1661,0,6
1662,0,6
1663,0,6
1664,0,6
1665,0,6
1666,0,6
1667,0,6
1668,0,6
1669,0,6
1670,0,6
1671,0,6
1672,0,6
1673,0,6
1674,0,6
1675,0,6
1676,0,6
1677,0,6
1678,0,6
1679,0,6
1680,0,6
1681,0,6
1682,0,6
1683,0,6
1684,0,6
1685,0,6
1686,0,6
1687,0,6
1688,0,6
1689,0,6
1690,0,6
1691,0,6
1692,0,6
1693,0,6
1694,0,6
1695,0,6
1696,0,6
1697,0,6
1698,0,6
1699,0,6
1700,0,6
1701,0,6
1702,0,6
1703,0,6
1704,0,6
1705,0,6
1706,0,6
1707,0,6
1708,0,6
1709,0,6
1710,0,6
1711,0,6
1712,0,6
1713,0,6
1714,0,6
1715,0,6
1716,0,6
1717,0,6
1718,0,6
1719,0,6
1720,0,6
1721,0,6
1722,0,6
1723,0,6
1724,0,6
1725,0,6
1726,0,6
1727,0,6
1728,0,6
1729,0,6
1730,0,6
1731,0,6
1732,0,6
1733,0,6
1734,0,6
1735,0,6
1736,0,6
1737,0,6
1738,0,6
1739,0,6
1740,0,6
1741,0,6
1742,0,6
1743,0,6
1744,0,6
1745,0,6
1746,0,6
1747,0,6
1748,0,6
1749,0,6
1750,0,6
1751,0,6
1752,0,6
1753,0,6
1754,0,6
1755,0,6
1756,0,6
1757,0,6
1758,0,6
1759,0,6
1760,0,6
1761,0,6
1762,0,6
1763,0,6
1764,0,6
1765,0,6
1766,0,6
1767,0,6
1768,0,6
1769,0,6
1770,0,6
1771,0,6
1772,0,6
1773,0,6
1774,0,6
1775,0,6
1776,0,6
1777,0,6
1778,0,6
1779,0,6
1780,0,6
1781,0,6
1782,0,6
1783,0,6
1784,0,6
1785,0,6
1786,0,6
1787,0,6
1788,0,6
1789,0,6
1790,0,6
1791,0,6
1792,0,6
1793,0,6
1794,0,5
1795,0,5
1796,0,5
1797,0,5
1798,0,5
1799,0,5
1800,0,5
1801,0,5
1802,0,5
1803,0,5
1804,0,5
1805,0,5
1806,0,5
1807,0,5
1808,0,5
1809,0,5
1810,0,5
1811,0,5
1812,0,5
1813,0,5
1814,0,5
1815,0,5
1816,0,5
1817,0,5
1818,0,5
1819,0,5
1820,0,5
1821,0,5
1822,0,5
1823,0,5
1824,0,5
1825,0,5
1826,0,5
1827,0,5
1828,0,5
1829,0,5
1830,0,5
1831,0,5
1832,0,5
1833,0,5
1834,0,5
1835,0,5
1836,0,5
1837,0,5
1838,0,5
1839,0,5
1840,0,5
1841,0,5
1842,0,5
1843,0,5
1844,0,5
1845,0,5
1846,0,5
1847,0,5
1848,0,5
1849,0,5
1850,0,5
1851,0,5
1852,0,5
1853,0,4
1854,0,4
1855,0,4
1856,0,4
1857,0,4
1858,0,4
1859,0,4
1860,0,4
1861,0,4
1862,0,4
1863,0,4
1864,0,4
1865,0,4
1866,0,4
1867,0,4
1868,0,4
1869,0,4
1870,0,4
1871,0,4
1872,0,4
1873,0,4
1874,0,4
1875,0,4
1876,0,4
1877,0,4
1878,0,4
1879,0,4
1880,0,4
1881,0,4
1882,0,4
1883,0,4
1884,0,4
1885,0,4
1886,0,4
1887,0,4
1888,0,4
1889,0,4
1890,0,4
1891,0,4
1892,0,4
1893,0,4
1894,0,4
1895,0,3
1896,0,3
1897,0,3
1898,0,3
1899,0,3
1900,0,3
1901,0,3
1902,0,3
1903,0,3
1904,0,3
1905,0,3
1906,0,3
1907,0,3
1908,0,3
1909,0,2
1910,0,2
1911,0,2
1912,0,2
1913,0,2
1914,0,2
1915,0,2
1916,0,2
1917,0,2
1918,0,2
1919,0,2
1920,0,2
1921,0,2
1922,0,2
1923,0,2
1924,0,1
1925,0,1
1926,0,1
1927,0,1
1928,0,1
1929,0,1
1930,0,1
1931,0,1
1932,0,1
1933,0,1
1934,0,1
1935,0,1
1936,0,32
1937,0,32
1938,0,32
1939,0,32
1940,0,32
1941,0,32
1942,0,32
1943,0,32
1944,0,32
1945,0,32
1946,0,32
1947,0,32
1948,0,32
1949,0,32
1950,0,32
1951,0,32
1952,0,32
1953,0,32
1954,0,32
1955,0,32
1956,0,32
1957,0,32
1958,0,32
1959,0,32
1960,0,32
1961,0,32
1962,0,32
1963,0,32
1964,0,32
1965,0,32
1966,0,32
1967,0,32
1968,0,32
1969,0,32
1970,0,31
1971,0,31
1972,0,30
1973,0,30
1974,0,30
1975,0,30
1976,0,30
1977,0,30
1978,0,30
1979,0,30
1980,0,29
1981,0,29
1982,0,29
1983,0,29
1984,0,29
1985,0,29
1986,0,29
1987,0,28
1988,0,28
1989,0,28
1990,0,28
1991,0,28
1992,0,28
1993,0,28
1994,0,28
1995,0,28
1996,0,27
1997,0,27
1998,0,27
1999,0,27
2000,0,27
2001,0,26
2002,0,25
2003,0,25
2004,0,25
2005,0,24
2006,0,24
2007,0,24
2008,0,24
2009,0,24
2010,0,24
2011,0,24
2012,0,24
2013,0,24
2014,0,23
2015,0,23
2016,0,23
2017,0,23
2018,0,22
2019,0,21
2020,0,21
2021,0,20
2022,0,20
2023,0,20
2024,0,20
2025,0,20
2026,0,20
2027,0,20
2028,0,20
2029,0,20
2030,0,19
2031,0,18
2032,0,18
2033,0,18
2034,0,18
2035,0,18
2036,0,18
2037,0,17
2038,0,17
2039,0,16
2040,0,15
2041,0,15
2042,0,14
2043,0,13
2044,0,13
2045,0,13
2046,0,13
2047,0,13
2048,0,12
2049,0,10
2050,0,10
2051,0,9
2052,0,8
2053,0,7
2054,0,7
2055,0,7
2056,0,7
2057,0,7
2058,0,6
2059,0,5
2060,0,4
2061,0,4
2062,0,4
2063,0,4
2064,0,4
2065,0,4
2066,0,4
2067,0,4
2068,0,4
2069,0,4
2070,0,4
2071,0,4
2072,0,4
2073,0,4
2074,0,4
2075,0,4
2076,0,4
2077,0,4
2078,0,4
2079,0,4
2080,0,4
2081,0,4
2082,0,4
2083,0,4
2084,0,4
2085,0,4
2086,0,4
2087,0,4
2088,0,4
2089,0,4
2090,0,4
2091,0,4
2092,0,4
2093,0,4
2094,0,4
2095,0,4
2096,0,4
2097,0,4
2098,0,4
2099,0,4
2100,0,4
2101,0,4
2102,0,4
2103,0,4
2104,0,4
2105,0,4
2106,0,4
2107,0,4
2108,0,4
2109,0,4
2110,0,4
2111,0,4
2112,0,4
2113,0,4
2114,0,4
2115,0,4
2116,0,4
2117,0,4
2118,0,4
2119,0,4
2120,0,4
2121,0,4
2122,0,4
2123,0,4
2124,0,4
2125,0,4
2126,0,4
2127,0,4
2128,0,4
2129,0,4
2130,0,4
2131,0,4
2132,0,4
2133,0,4
2134,0,4
2135,0,4
2136,0,4
2137,0,4
2138,0,4
2139,0,4
2140,0,4
2141,0,4
2142,0,4
2143,0,4
2144,0,4
2145,0,4
2146,0,4
2147,0,4
2148,0,4
2149,0,4
2150,0,4
2151,0,4
2152,0,4
2153,0,4
2154,0,4
2155,0,4
2156,0,4
2157,0,4
2158,0,4
2159,0,4
2160,0,4
2161,0,4
2162,0,4
2163,0,4
2164,0,4
2165,0,4
2166,0,4
2167,0,4
2168,0,4
2169,0,4
2170,0,4
2171,0,4
2172,0,4
2173,0,4
2174,0,4
2175,0,4
2176,0,4
2177,0,4
2178,0,4
2179,0,4
2180,0,4
2181,0,4
2182,0,4
2183,0,4
2184,0,4
2185,0,4
2186,0,4
2187,0,4
2188,0,4
2189,0,4
2190,0,4
2191,0,4
2192,0,4
2193,0,4
2194,0,4
2195,0,4
2196,0,4
2197,0,3
2198,0,3
2199,0,3
2200,0,3
2201,0,3
2202,0,3
2203,0,3
2204,0,3
2205,0,3
2206,0,3
2207,0,3
2208,0,3
2209,0,3
2210,0,3
2211,0,3
2212,0,3
2213,0,3
2214,0,3
2215,0,3
2216,0,3
2217,0,3
2218,0,3
2219,0,2
2220,0,2
2221,0,2
2222,0,2
2223,0,2
2224,0,2
2225,0,2
2226,0,2
2227,0,2
2228,0,2
2229,0,2
2230,0,2
2231,0,2
2232,0,2
2233,0,2
2234,0,2
2235,0,2
2236,0,2
2237,0,2
2238,0,2
2239,0,2
2240,0,2
2241,0,2
2242,0,2
2243,0,2
2244,0,2
2245,0,2
2246,0,2
2247,0,2
2248,0,2
2249,0,2
2250,0,2
2251,0,2
2252,0,2
2253,0,2
2254,0,2
2255,0,2
2256,0,2
2257,0,2
2258,0,2
2259,0,2
2260,0,2
2261,0,2
2262,0,2
2263,0,2
2264,0,2
2265,0,2
2266,0,2
2267,0,2
2268,0,2
2269,0,2
2270,0,2
2271,0,2
2272,0,2
2273,0,2
2274,0,2
2275,0,2
2276,0,2
2277,0,2
2278,0,2
2279,0,2
2280,0,2
2281,0,2
2282,0,2
2283,0,2
2284,0,2
2285,0,2
2286,0,2
2287,0,2
2288,0,2
2289,0,2
2290,0,2
2291,0,2
2292,0,2
2293,0,2
2294,0,2
2295,0,2
2296,0,1
2297,0,1
2298,0,1
2299,0,1
2300,0,1
2301,0,1
2302,0,1
2303,0,1
2304,0,1
2305,0,1
2306,0,1
2307,0,1
2308,0,1
2309,0,1
2310,0,1
2311,0,1
2312,0,1
2313,0,1
2314,0,1
2315,0,1
2316,0,1
2317,0,1
2318,0,1
2319,0,1
2320,0,1
2321,0,1
2322,0,1
2323,0,1
2324,0,1
2325,0,1
2326,0,1
2327,0,32
2328,0,32
2329,0,32
2330,0,32
2331,0,32
2332,0,32
2333,0,32
2334,0,32
2335,0,32
2336,0,32
2337,0,32
2338,0,32
2339,0,32
2340,0,32
2341,0,32
2342,0,32
2343,0,32
2344,0,32
2345,0,32
2346,0,32
2347,0,32
2348,0,32
2349,0,32
2350,0,32
2351,0,32
2352,0,32
2353,0,32
2354,0,32
2355,0,32
2356,0,32
2357,0,32
2358,0,32
2359,0,32
2360,0,32
2361,0,32
2362,0,32
2363,0,32
2364,0,32
2365,0,32
2366,0,32
2367,0,31
2368,0,31
2369,0,31
2370,0,31
2371,0,31
2372,0,31
2373,0,31
2374,0,31
2375,0,31
2376,0,31
2377,0,30
2378,0,30
2379,0,30
2380,0,30
2381,0,30
2382,0,30
2383,0,30
2384,0,30
2385,0,29
2386,0,29
2387,0,29
2388,0,29
2389,0,29
2390,0,29
2391,0,29
2392,0,29
2393,0,29
2394,0,29
2395,0,26
2396,0,25
2397,0,25
2398,0,25
2399,0,25
2400,0,25
2401,0,25
2402,0,24
2403,0,24
2404,0,24
2405,0,24
2406,0,23
2407,0,22
2408,0,22
2409,0,22
2410,0,22
2411,0,22
2412,0,21
2413,0,20
2414,0,19
2415,0,18
2416,0,18
2417,0,18
2418,0,18
2419,0,18
2420,0,18
2421,0,18
2422,0,18
2423,0,18
2424,0,17
2425,0,17
2426,0,17
2427,0,17
2428,0,17
2429,0,17
2430,0,17
2431,0,17
2432,0,17
2433,0,16
2434,0,16
2435,0,16
2436,0,15
2437,0,15
2438,0,15
2439,0,14
2440,0,13
2441,0,12
2442,0,12
2443,0,12
2444,0,12
2445,0,12
2446,0,12
2447,0,12
2448,0,12
2449,0,12
2450,0,10
2451,0,10
2452,0,9
2453,0,9
2454,0,9
2455,0,8
2456,0,8
2457,0,8
2458,0,8
2459,0,8
2460,0,8
2461,0,8
2462,0,8
2463,0,8
2464,0,8
2465,0,8
2466,0,8
2467,0,8
2468,0,8
2469,0,8
2470,0,8
2471,0,8
2472,0,8
2473,0,8
2474,0,8
2475,0,8
2476,0,8
2477,0,8
2478,0,8
2479,0,8
2480,0,8
2481,0,8
2482,0,8
2483,0,8
2484,0,8
2485,0,8
2486,0,8
2487,0,8
2488,0,8
2489,0,8
2490,0,8
2491,0,8
2492,0,8
2493,0,8
2494,0,8
2495,0,8
2496,0,8
2497,0,8
2498,0,8
2499,0,8
2500,0,8
2501,0,8
2502,0,8
2503,0,8
2504,0,8
2505,0,8
2506,0,8
2507,0,8
2508,0,8
2509,0,8
2510,0,8
2511,0,8
2512,0,8
2513,0,8
2514,0,8
2515,0,8
2516,0,8
2517,0,8
2518,0,8
2519,0,8
2520,0,8
2521,0,8
2522,0,8
2523,0,8
2524,0,8
2525,0,8
2526,0,8
2527,0,8
2528,0,8
2529,0,8
2530,0,8
2531,0,8
2532,0,8
2533,0,8
2534,0,8
2535,0,8
2536,0,8
2537,0,8
2538,0,8
2539,0,8
2540,0,8
2541,0,8
2542,0,8
2543,0,8
2544,0,8
2545,0,8
2546,0,8
2547,0,8
2548,0,8
2549,0,8
2550,0,8
2551,0,8
2552,0,8
2553,0,8
2554,0,8
2555,0,8
2556,0,8
2557,0,8
2558,0,8
2559,0,8
2560,0,8
2561,0,8
2562,0,8
2563,0,8
2564,0,8
2565,0,8
2566,0,8
2567,0,8
2568,0,8
2569,0,8
2570,0,8
2571,0,8
2572,0,8
2573,0,8
2574,0,8
2575,0,8
2576,0,8
2577,0,8
2578,0,8
2579,0,8
2580,0,8
2581,0,8
2582,0,8
2583,0,7
2584,0,7
2585,0,7
2586,0,7
2587,0,7
2588,0,7
2589,0,7
2590,0,7
2591,0,7
2592,0,7
2593,0,7
2594,0,7
2595,0,7
2596,0,7
2597,0,7
2598,0,7
2599,0,7
2600,0,7
2601,0,7
2602,0,7
2603,0,7
2604,0,7
2605,0,7
2606,0,7
2607,0,7
2608,0,7
2609,0,7
2610,0,7
2611,0,7
2612,0,7
2613,0,7
2614,0,7
2615,0,7
2616,0,7
2617,0,7
2618,0,7
2619,0,7
2620,0,7
2621,0,7
2622,0,7
2623,0,7
2624,0,7
2625,0,7
2626,0,7
2627,0,7
2628,0,7
2629,0,7
2630,0,7
2631,0,7
2632,0,7
2633,0,7
2634,0,7
2635,0,7
2636,0,7
2637,0,7
2638,0,7
2639,0,7
2640,0,7
2641,0,7
2642,0,7
2643,0,7
2644,0,7
2645,0,6
2646,0,6
2647,0,6
2648,0,6
2649,0,6
2650,0,6
2651,0,6
2652,0,6
2653,0,6
2654,0,6
2655,0,6
2656,0,6
2657,0,6
2658,0,6
2659,0,6
2660,0,6
2661,0,6
2662,0,6
2663,0,6
2664,0,6
2665,0,6
2666,0,6
2667,0,6
2668,0,6
2669,0,6
2670,0,6
2671,0,6
2672,0,6
2673,0,6
2674,0,6
2675,0,6
2676,0,5
2677,0,5
2678,0,5
2679,0,5
2680,0,5
2681,0,5
2682,0,5
2683,0,5
2684,0,5
2685,0,5
2686,0,5
2687,0,5
2688,0,5
2689,0,5
2690,0,5
2691,0,5
2692,0,5
2693,0,5
2694,0,5
2695,0,5
2696,0,5
2697,0,5
2698,0,5
2699,0,5
2700,0,5
2701,0,5
2702,0,5
2703,0,4
2704,0,4
2705,0,4
2706,0,4
2707,0,4
2708,0,4
2709,0,4
2710,0,4
2711,0,4
2712,0,4
2713,0,4
2714,0,4
2715,0,4
2716,0,4
2717,0,4
2718,0,4
2719,0,4
2720,0,4
2721,0,4
2722,0,4
2723,0,4
2724,0,4
2725,0,4
2726,0,4
2727,0,4
2728,0,4
2729,0,4
2730,0,4
2731,0,4
2732,0,4
2733,0,4
2734,0,4
2735,0,4
2736,0,4
2737,0,4
2738,0,4
2739,0,4
2740,0,4
2741,0,4
2742,0,4
2743,0,4
2744,0,4
2745,0,4
2746,0,4
2747,0,4
2748,0,4
2749,0,4
2750,0,4
2751,0,3
2752,0,3
2753,0,3
2754,0,3
2755,0,3
2756,0,3
2757,0,3
2758,0,3
2759,0,3
2760,0,3
2761,0,2
2762,0,2
2763,0,2
2764,0,2
2765,0,2
2766,0,2
2767,0,2
2768,0,2
2769,0,2
2770,0,2
2771,0,2
2772,0,2
2773,0,2
2774,0,2
2775,0,2
2776,0,2
2777,0,2
2778,0,2
2779,0,2
2780,0,2
2781,0,2
2782,0,2
2783,0,2
2784,0,1
2785,0,1
2786,0,1
2787,0,1
2788,0,1
2789,0,1
2790,0,1
2791,0,1
2792,0,1
2793,0,1
2794,0,1
2795,0,1
2796,0,1
2797,0,1
2798,0,1
2799,0,1
2800,0,1
2801,0,1
2802,0,1
2803,0,1
2804,0,1
2805,0,1
2806,0,1
2807,0,1
2808,0,1
2809,0,1
2810,0,1
2811,0,1
2812,0,1
2813,0,1
2814,0,1
2815,0,1
2816,0,1
2817,0,1
2818,0,1
2819,0,1
2820,0,1
2821,0,1
2822,0,1
2823,0,1
2824,0,1
2825,0,1
2826,0,1
2827,0,1
2828,0,1
2829,0,1
2830,0,1
2831,0,1
2832,0,1
2833,0,32
2834,0,32
2835,0,32
2836,0,32
2837,0,32
2838,0,32
2839,0,32
2840,0,32
2841,0,32
2842,0,32
2843,0,32
2844,0,32
2845,0,32
2846,0,32
2847,0,32
2848,0,32
2849,0,32
2850,0,32
2851,0,32
2852,0,32
2853,0,32
2854,0,32
2855,0,32
2856,0,32
2857,0,32
2858,0,32
2859,0,32
2860,0,32
2861,0,32
2862,0,32
2863,0,32
2864,0,32
2865,0,32
2866,0,31
2867,0,31
2868,0,30
2869,0,29
2870,0,29
2871,0,29
2872,0,29
2873,0,29
2874,0,29
2875,0,28
2876,0,28
2877,0,27
2878,0,26
2879,0,26
2880,0,26
2881,0,26
2882,0,26
2883,0,26
2884,0,25
2885,0,25
2886,0,25
2887,0,24
2888,0,23
2889,0,23
2890,0,23
2891,0,23
2892,0,23
2893,0,23
2894,0,23
2895,0,22
2896,0,22
2897,0,22
2898,0,22
2899,0,21
2900,0,21
2901,0,21
2902,0,20
2903,0,20
2904,0,20
2905,0,20
2906,0,19
2907,0,19
2908,0,19
2909,0,18
2910,0,18
2911,0,18
2912,0,18
2913,0,18
2914,0,18
2915,0,18
2916,0,18
2917,0,18
2918,0,17
2919,0,17
2920,0,16
2921,0,16
2922,0,16
2923,0,16
2924,0,16
2925,0,16
2926,0,16
2927,0,16
2928,0,15
2929,0,15
2930,0,15
2931,0,13
2932,0,13
2933,0,13
2934,0,13
2935,0,13
2936,0,13
2937,0,13
2938,0,13
2939,0,12
2940,0,12
2941,0,12
2942,0,12
2943,0,11
2944,0,11
2945,0,11
2946,0,11
2947,0,11
2948,0,11
2949,0,11
2950,0,11
2951,0,9
2952,0,8
2953,0,8
2954,0,8
2955,0,8
2956,0,7
2957,0,7
2958,0,7
2959,0,7
2960,0,7
2961,0,6
2962,0,6
2963,0,6
2964,0,6
2965,0,6
2966,0,6
2967,0,6
2968,0,6
2969,0,6
2970,0,6
2971,0,6
2972,0,6
2973,0,6
2974,0,6
2975,0,6
2976,0,6
2977,0,6
2978,0,6
2979,0,6
2980,0,6
2981,0,6
2982,0,6
2983,0,6
2984,0,6
2985,0,6
2986,0,6
2987,0,6
2988,0,6
2989,0,6
2990,0,6
2991,0,6
2992,0,6
2993,0,6
2994,0,6
2995,0,6
2996,0,6
2997,0,6
2998,0,6
2999,0,6
3000,0,6
3001,0,6
3002,0,6
3003,0,6
3004,0,6
3005,0,6
3006,0,6
3007,0,6
3008,0,6
3009,0,6
3010,0,6
3011,0,6
3012,0,6
3013,0,6
3014,0,6
3015,0,6
3016,0,6
3017,0,6
3018,0,6
3019,0,6
3020,0,6
3021,0,6
3022,0,6
3023,0,6
3024,0,6
3025,0,6
3026,0,6
3027,0,6
3028,0,6
3029,0,6
3030,0,6
3031,0,6
3032,0,6
3033,0,6
3034,0,6
3035,0,6
3036,0,6
3037,0,6
3038,0,6
3039,0,6
3040,0,6
3041,0,6
3042,0,6
3043,0,6
3044,0,6
3045,0,6
3046,0,6
3047,0,6
3048,0,6
3049,0,6
3050,0,6
3051,0,6
3052,0,6
3053,0,6
3054,0,6
3055,0,6
3056,0,6
3057,0,6
3058,0,6
3059,0,6
3060,0,6
3061,0,6
3062,0,6
3063,0,6
3064,0,6
3065,0,6
3066,0,6
3067,0,6
3068,0,6
3069,0,6
3070,0,6
3071,0,6
3072,0,6
3073,0,6
3074,0,6
3075,0,6
3076,0,6
3077,0,6
3078,0,6
3079,0,6
3080,0,6
3081,0,6
3082,0,6
3083,0,6
3084,0,6
3085,0,6
3086,0,6
3087,0,6
3088,0,6
3089,0,6
3090,0,6
3091,0,6
3092,0,6
3093,0,6
3094,0,6
3095,0,6
3096,0,6
3097,0,6
3098,0,6
3099,0,6
3100,0,6
3101,0,6
3102,0,6
3103,0,6
3104,0,6
3105,0,6
3106,0,6
3107,0,6
3108,0,6
3109,0,6
3110,0,6
3111,0,6
3112,0,6
3113,0,6
3114,0,6
3115,0,6
3116,0,6
3117,0,6
3118,0,6
3119,0,6
3120,0,6
3121,0,6
3122,0,6
3123,0,6
3124,0,6
3125,0,6
3126,0,6
3127,0,6
3128,0,6
3129,0,6
3130,0,6
3131,0,6
3132,0,6
3133,0,6
3134,0,6
3135,0,6
3136,0,6
3137,0,6
3138,0,6
3139,0,6
3140,0,6
3141,0,6
3142,0,6
3143,0,6
3144,0,6
3145,0,6
3146,0,6
3147,0,6
3148,0,6
3149,0,6
3150,0,6
3151,0,6
3152,0,6
3153,0,6
3154,0,6
3155,0,6
3156,0,6
3157,0,6
3158,0,6
3159,0,6
3160,0,6
3161,0,6
3162,0,6
3163,0,6
3164,0,5
3165,0,5
3166,0,5
3167,0,5
3168,0,5
3169,0,5
3170,0,5
3171,0,5
3172,0,5
3173,0,5
3174,0,5
3175,0,5
3176,0,5
3177,0,5
3178,0,5
3179,0,5
3180,0,5
3181,0,5
3182,0,5
3183,0,5
3184,0,5
3185,0,5
3186,0,5
3187,0,5
3188,0,5
3189,0,5
3190,0,5
3191,0,5
3192,0,5
3193,0,5
3194,0,5
3195,0,5
3196,0,5
3197,0,5
3198,0,5
3199,0,5
3200,0,5
3201,0,5
3202,0,5
3203,0,5
3204,0,5
3205,0,5
3206,0,5
3207,0,5
3208,0,5
3209,0,5
3210,0,5
3211,0,5
3212,0,5
3213,0,5
3214,0,5
3215,0,5
3216,0,5
3217,0,5
3218,0,5
3219,0,5
3220,0,5
3221,0,5
3222,0,5
3223,0,5
3224,0,5
3225,0,5
3226,0,5
3227,0,5
3228,0,5
3229,0,5
3230,0,5
3231,0,5
3232,0,5
3233,0,5
3234,0,5
3235,0,5
3236,0,5
3237,0,5
3238,0,5
3239,0,5
3240,0,5
3241,0,5
3242,0,5
3243,0,5
3244,0,5
3245,0,5
3246,0,5
3247,0,5
3248,0,5
3249,0,5
3250,0,5
3251,0,5
3252,0,5
3253,0,5
3254,0,5
3255,0,5
3256,0,5
3257,0,5
3258,0,5
3259,0,5
3260,0,5
3261,0,5
3262,0,5
3263,0,5
3264,0,5
3265,0,5
3266,0,5
3267,0,5
3268,0,5
3269,0,5
3270,0,5
3271,0,4
3272,0,4
3273,0,4
3274,0,4
3275,0,4
3276,0,4
3277,0,4
3278,0,4
3279,0,4
3280,0,4
3281,0,4
3282,0,4
3283,0,4
3284,0,4
3285,0,4
3286,0,4
3287,0,4
3288,0,4
3289,0,4
3290,0,4
3291,0,4
3292,0,4
3293,0,4
3294,0,4
3295,0,4
3296,0,4
3297,0,4
3298,0,4
3299,0,4
3300,0,4
3301,0,4
3302,0,4
3303,0,3
3304,0,3
3305,0,3
3306,0,3
3307,0,3
3308,0,3
3309,0,3
3310,0,3
3311,0,3
3312,0,3
3313,0,3
3314,0,3
3315,0,3
3316,0,3
3317,0,3
3318,0,3
3319,0,3
3320,0,3
3321,0,3
3322,0,3
3323,0,3
3324,0,3
3325,0,3
3326,0,3
3327,0,3
3328,0,3
3329,0,3
3330,0,3
3331,0,3
3332,0,3
3333,0,3
3334,0,2
3335,0,1
3336,0,1
3337,0,1
3338,0,1
3339,0,1
3340,0,1
3341,0,1
3342,0,0
